,job_titles
0,Global Trading Technology Development Intern | Summer 2021
1,Software Engineers & Web Developers
2,Data Technician (Full- or Part-Time)
3,Senior Django/Python Developer
4,"Full Stack Software Engineer (PHP/Python)- Watertown, MA or..."
5,Counterintelligence Analyst
6,Java/Python/C# Software Engineer
7,Students - Equity Trading Desk Internship Summer 2019
8,Junior Data Scientist â€“ Performance Analytics
9,CPD Intern
10,"Valuation and Risk Analytics Associate, triCalculate"
11,Software Engineer (Python)
12,Data Scientist
13,Data Science Intern | Summer 2021
14,Portfolio Analyst
