,title,link,location
0,Junior Python Developer,https://www.indeed.com/rc/clk?jk=f8f068da6dd93fa6&fccid=ca7680692810259a&vjs=3,"New York, NY 10022 (Midtown area)"
1,Penetration Testing Trainee (Remote USA),https://www.indeed.com/rc/clk?jk=487b30db63184515&fccid=bf0600f0f252b45b&vjs=3,"Florida, NY"
2,Data Python Developer,https://www.indeed.com/rc/clk?jk=31661855134fd73a&fccid=1c2a61588e44123b&vjs=3,"New York, NY"
3,Content Contributor : iOS Development,https://www.indeed.com/rc/clk?jk=a7f18bd945797fb5&fccid=b9d4e9eceb3ff4c0&vjs=3,New York State
4,Content Contributor : Django,https://www.indeed.com/rc/clk?jk=3b5568b7c0bcae64&fccid=b9d4e9eceb3ff4c0&vjs=3,New York State
5,Java / Python Tutors,https://www.indeed.com/rc/clk?jk=6dd414e5bf2653aa&fccid=5551312f0bfb4c11&vjs=3,"New York, NY 10001 (Clinton area)"
6,Senior Level Python Developer,https://www.indeed.com/rc/clk?jk=bfa41cad10426505&fccid=c85d08a88c59e378&vjs=3,"New York, NY"
7,Data Analytics Intern,https://www.indeed.com/rc/clk?jk=bbfec3eab5e85a67&fccid=1b50fcfb150b1b48&vjs=3,"New York, NY"
8,Digital Archives Assistant,https://www.indeed.com/rc/clk?jk=7c541433bfbcb0b8&fccid=ec3edbdb9b5c3b64&vjs=3,"Long Island City, NY"
9,Associate,https://www.indeed.com/rc/clk?jk=664e970d446ec6f4&fccid=ec089a92f115a89e&vjs=3,"New York, NY"
10,"Early Careers | Data Development, Governance, and Analytics...",https://www.indeed.com/rc/clk?jk=cccb83ee916012f9&fccid=16a97ed26c75bf2d&vjs=3,"New York, NY"
11,"Senior manager, customer intelligence",https://www.indeed.com/rc/clk?jk=8d0b059e7e800237&fccid=9c64a5c780f4ce99&vjs=3,"New York, NY"
12,Software Engineer (New Graduate Summer 2021),https://www.indeed.com/rc/clk?jk=653913a350bc087f&fccid=7c07af204e67482c&vjs=3,"New York, NY"
13,Data Technician (Full- or Part-Time),https://www.indeed.com/rc/clk?jk=da727c0cddda240e&fccid=56a26d4c816e53d1&vjs=3,"New York, NY"
14,Senior Django/Python Developer,https://www.indeed.com/rc/clk?jk=ec36299f56189c31&fccid=e53e1451c3ffe7f3&vjs=3,"Brooklyn, NY"
15,Software Engineers & Web Developers,https://www.indeed.com/rc/clk?jk=597b9830f39b5420&fccid=bc8bf69154b5fc28&vjs=3,"New York, NY"
16,Developer - Trade Processing,https://www.indeed.com/rc/clk?jk=ac4d01b31b152da5&fccid=afcb2790e9bd57c7&vjs=3,"New York, NY"
17,Senior Data Analyst,https://www.indeed.com/rc/clk?jk=723e7ec9cc3e7057&fccid=01fd1f2f239c15f4&vjs=3,"New York, NY"
18,"Software Engineering Internship, Summer 2021",https://www.indeed.com/rc/clk?jk=180a51e476fb7f4f&fccid=9ecb91618c39a24f&vjs=3,"Brooklyn, NY 11201"
19,Data Analyst,https://www.indeed.com/rc/clk?jk=589a6796386ffbda&fccid=3b2b55df6cade29d&vjs=3,"New York, NY"
20,STATISTICIAN,https://www.indeed.com/rc/clk?jk=170fc25cffd33e85&fccid=f9fe675c31a6b8de&vjs=3,"New York, NY"
21,Software Application Developer,https://www.indeed.com/rc/clk?jk=5cd1cb57f3aadfd0&fccid=abca1b1c7c4682b2&vjs=3,"Plattsburgh, NY"
22,"Security Engineer, Special Projects",https://www.indeed.com/rc/clk?jk=223e1dd0d57d43b9&fccid=d26901b7a9b35c6c&vjs=3,New York State
23,FULL STACK DEVELOPMENT OPPORTUNITY (FULL-TIME) – Work from H...,https://www.indeed.com/rc/clk?jk=a643f96736b796a8&fccid=74033d9ad24cc449&vjs=3,"Oswego, NY 13126"
24,Python Programmer Instructor,https://www.indeed.com/rc/clk?jk=92441b01fbfb4df6&fccid=5551312f0bfb4c11&vjs=3,"New York, NY 10001 (Clinton area)"
25,Data Informatics Analyst II,https://www.indeed.com/rc/clk?jk=d91e292519d54e36&fccid=12042485d1cec3f9&vjs=3,"Schenectady, NY 12305"
26,"VP, Operations Strategy - RT",https://www.indeed.com/rc/clk?jk=cec09614df6cf830&fccid=f42bbfc261ca3e64&vjs=3,"New York, NY 10004 (Financial District area)"
27,Quantitative Researcher,https://www.indeed.com/rc/clk?jk=e2c13dac12042e37&fccid=e99e0f54c1059cab&vjs=3,"New York, NY"
28,"Strategy Associate, YouTube",https://www.indeed.com/rc/clk?jk=aaeefcbc91c91eba&fccid=a9021c35fcef6968&vjs=3,"New York, NY"
29,Research Strategist,https://www.indeed.com/rc/clk?jk=2eb2eec9449dab03&fccid=7c43bf142222e360&vjs=3,New York State
30,Python Engineer,https://www.indeed.com/rc/clk?jk=88d41b4bb4a9cf00&fccid=9ace5aa4e4fa6ce2&vjs=3,"New York, NY"
31,Sr. BI Developer,https://www.indeed.com/rc/clk?jk=6eed453a7000171c&fccid=4b841d912d46e4fd&vjs=3,"New York, NY 10006 (Financial District area)"
32,INTERNSHIP - Index Trading,https://www.indeed.com/rc/clk?jk=dfd3274c4096b9bc&fccid=df6948c9b8da6236&vjs=3,"New York, NY"
33,Students - Equity Trading Desk Internship Summer 2019,https://www.indeed.com/rc/clk?jk=7649cd45d0afd8f0&fccid=7d204885a50ad05e&vjs=3,"New York, NY"
34,"Analyst, Advanced Analytics",https://www.indeed.com/rc/clk?jk=d00cd256b2e2838e&fccid=f2c8db2d75b00437&vjs=3,"New York, NY"
35,"Quantitative Researcher, Electronic Trading",https://www.indeed.com/rc/clk?jk=6c74eb17877f6ff9&fccid=9db25778e3ea9b73&vjs=3,"New York, NY"
36,Intern - Engineering (Data),https://www.indeed.com/rc/clk?jk=c12abeff93eef71c&fccid=212918c290ce6cf0&vjs=3,New York State
37,Algorithmic Quant Researcher - Analyst,https://www.indeed.com/rc/clk?jk=621e6b236fbc8fc4&fccid=f1d8e147024abb3f&vjs=3,"New York, NY"
38,Scientific Programmer,https://www.indeed.com/rc/clk?jk=e86692715bef2aad&fccid=69d294dd564bf502&vjs=3,"Buffalo, NY 14260"
39,Quantitative Researcher & Development Associate,https://www.indeed.com/rc/clk?jk=1751b8455bae1972&fccid=db0af0ad6162783b&vjs=3,"New York, NY 10014 (West Village area)"
40,Presales Data Architect (North East),https://www.indeed.com/rc/clk?jk=d1d7c9a1312fc3ef&fccid=8ba5759a04b37d93&vjs=3,"New York, NY"
41,Data Scientist,https://www.indeed.com/rc/clk?jk=1636faa0308fd08f&fccid=1577085fc2290983&vjs=3,"New York, NY"
42,"Full Stack Software Engineer (PHP/Python)- Watertown, MA or...",https://www.indeed.com/rc/clk?jk=9e9e38e8370e6f86&fccid=4f7cefeb56d1c5b0&vjs=3,"Poughkeepsie, NY 12601"
43,Early Careers | Financial Modeling & Research | New York,https://www.indeed.com/rc/clk?jk=dc9e838824bcc388&fccid=16a97ed26c75bf2d&vjs=3,"New York, NY"
44,"Analyst, CFR [HSF]",https://www.indeed.com/rc/clk?jk=f1ec8f3eb7d6524b&fccid=f057e04c37cca134&vjs=3,"New York, NY"
45,Python Engineer,https://www.indeed.com/rc/clk?jk=88d41b4bb4a9cf00&fccid=9ace5aa4e4fa6ce2&vjs=3,"New York, NY"
46,Sr. BI Developer,https://www.indeed.com/rc/clk?jk=6eed453a7000171c&fccid=4b841d912d46e4fd&vjs=3,"New York, NY 10006 (Financial District area)"
47,INTERNSHIP - Index Trading,https://www.indeed.com/rc/clk?jk=dfd3274c4096b9bc&fccid=df6948c9b8da6236&vjs=3,"New York, NY"
48,Students - Equity Trading Desk Internship Summer 2019,https://www.indeed.com/rc/clk?jk=7649cd45d0afd8f0&fccid=7d204885a50ad05e&vjs=3,"New York, NY"
49,"Analyst, Advanced Analytics",https://www.indeed.com/rc/clk?jk=d00cd256b2e2838e&fccid=f2c8db2d75b00437&vjs=3,"New York, NY"
50,"Quantitative Researcher, Electronic Trading",https://www.indeed.com/rc/clk?jk=6c74eb17877f6ff9&fccid=9db25778e3ea9b73&vjs=3,"New York, NY"
51,Intern - Engineering (Data),https://www.indeed.com/rc/clk?jk=c12abeff93eef71c&fccid=212918c290ce6cf0&vjs=3,New York State
52,Algorithmic Quant Researcher - Analyst,https://www.indeed.com/rc/clk?jk=621e6b236fbc8fc4&fccid=f1d8e147024abb3f&vjs=3,"New York, NY"
53,Scientific Programmer,https://www.indeed.com/rc/clk?jk=e86692715bef2aad&fccid=69d294dd564bf502&vjs=3,"Buffalo, NY 14260"
54,Quantitative Researcher & Development Associate,https://www.indeed.com/rc/clk?jk=1751b8455bae1972&fccid=db0af0ad6162783b&vjs=3,"New York, NY 10014 (West Village area)"
55,Subject Matter Expert: Django,https://www.indeed.com/rc/clk?jk=cdbd82458ababff4&fccid=b9d4e9eceb3ff4c0&vjs=3,New York State
56,Research Associates,https://www.indeed.com/rc/clk?jk=75304bc19a74f00b&fccid=00ae4e776f21bc2f&vjs=3,"New York, NY 10005 (Financial District area)"
57,Quantitative Researcher (Associate),https://www.indeed.com/rc/clk?jk=cb12194850dd5cde&fccid=4f36cf717ed1367b&vjs=3,"New York, NY 10017 (Midtown area)"
58,QA Engineer,https://www.indeed.com/rc/clk?jk=53b8bc236e977ca8&fccid=521ca7ccc49e32d5&vjs=3,"New York, NY 10010 (Flatiron District area)"
59,Intern - Platform Operations,https://www.indeed.com/rc/clk?jk=2b1fd87b0878e736&fccid=212918c290ce6cf0&vjs=3,New York State
60,Trading Execution Services Specialist,https://www.indeed.com/rc/clk?jk=5e6baf022a96842d&fccid=d2c6abf8a785fc40&vjs=3,"New York, NY 10003 (Flatiron District area)"
61,Software Engineer,https://www.indeed.com/rc/clk?jk=892b58616900769c&fccid=c9b9e477b3c84b4d&vjs=3,"New York, NY"
62,Quantitative Trading Intern (Summer 2021),https://www.indeed.com/rc/clk?jk=8f2e1f71216c3fd4&fccid=aad0a6d052467169&vjs=3,"New York, NY"
63,QUANTITATIVE RESEARCHER,https://www.indeed.com/rc/clk?jk=e25b202b667e5bab&fccid=facc18fe475dac15&vjs=3,"New York, NY"
64,Counterintelligence Analyst,https://www.indeed.com/rc/clk?jk=010e43e966f7a4c0&fccid=31bebfb78bc1f0f1&vjs=3,"Corning, NY 14831"
65,"Software Engineer, Junior",https://www.indeed.com/rc/clk?jk=b57c0863e801533f&fccid=4e041af1d0af1bc8&vjs=3,"New York, NY 10036 (Garment District area)"
66,"C++, Python Engineer",https://www.indeed.com/rc/clk?jk=a81761b5e7892be4&fccid=aaf3b433897ea465&vjs=3,"New York, NY"
67,Technical Lead,https://www.indeed.com/rc/clk?jk=91c637fccd94ebbc&fccid=2c45da85801f6e6e&vjs=3,New York State
68,Healthcare Data Analyst,https://www.indeed.com/rc/clk?jk=228f71a64ca06771&fccid=2c23f29fcd5c78da&vjs=3,"New York, NY"
69,Growth Strategy Analyst,https://www.indeed.com/rc/clk?jk=caf60fa5b958d610&fccid=448951d0ddf03e0c&vjs=3,"New York, NY"
70,"Summer Intern, Data & Technology",https://www.indeed.com/rc/clk?jk=ceca67fc57b395b4&fccid=b11ab84b412087d4&vjs=3,"New York, NY 10018 (Garment District area)"
71,Software Engineering Intern - 2021 Internship,https://www.indeed.com/rc/clk?jk=e3ba93a5d882f5d9&fccid=1dfe9483b30ed493&vjs=3,"Buffalo, NY 14225"
72,Senior Spatial Data and Mapping Analyst,https://www.indeed.com/rc/clk?jk=8c608a52e55e50d8&fccid=c6b5143eab3dbe34&vjs=3,"Long Island City, NY 11101"
73,Quantitative Analyst,https://www.indeed.com/rc/clk?jk=c94b1bd113f6d4d8&fccid=4fb0b2c432bee589&vjs=3,"New York, NY 10022 (Midtown area)"
74,Software Engineer Intern,https://www.indeed.com/rc/clk?jk=e01674d33559a721&fccid=978d9fd9799d55a8&vjs=3,"New York, NY 10018 (Clinton area)"
75,Data Scientist,https://www.indeed.com/rc/clk?jk=4f308e7494216a57&fccid=b0240a5b109c1256&vjs=3,"New York, NY"
76,Développeur Commando Front Office,https://www.indeed.com/rc/clk?jk=8b9ac16249576d19&fccid=bf3fb669dcbf8d45&vjs=3,"New York, NY"
77,Equity Research Associate,https://www.indeed.com/rc/clk?jk=0adb0520fc9b55a1&fccid=978bc31afb217dbc&vjs=3,"New York, NY 10022 (Turtle Bay area)"
78,Junior Data Scientist – Performance Analytics,https://www.indeed.com/rc/clk?jk=503b042faf79bcb0&fccid=654e90d7ed1a0db0&vjs=3,"New York, NY 10022 (Turtle Bay area)"
79,Python Data Science Software Engineer,https://www.indeed.com/rc/clk?jk=5db9b56512105f73&fccid=f770da67b3b51c62&vjs=3,"New York, NY"
80,Technical Support Engineer (Remote),https://www.indeed.com/rc/clk?jk=e03ee5b827497be0&fccid=4e579278e59b0b54&vjs=3,"New York, NY"
81,Process Modeling Engineer,https://www.indeed.com/rc/clk?jk=33135ebec1ae3f5d&fccid=31bebfb78bc1f0f1&vjs=3,"Corning, NY 14831"
82,Data Science Intern (Spring 2021),https://www.indeed.com/rc/clk?jk=5f66a9c9432c7a7d&fccid=2dda8667d8de78d8&vjs=3,"New York, NY"
83,"Computer Engineering, Entry Level",https://www.indeed.com/rc/clk?jk=7e3f9ec712dd6414&fccid=fd6a32f24dd4ee0d&vjs=3,"Webster, NY 14580"
84,Data Analytics Manager,https://www.indeed.com/rc/clk?jk=a40ea2c2e70c7ed8&fccid=cc9f04eed69b86b2&vjs=3,New York State
85,Data Analyst/Scientist (2021 Start),https://www.indeed.com/rc/clk?jk=d0ff28e6ee1d6819&fccid=30e07b3381b2a862&vjs=3,"New York, NY 10018 (Garment District area)"
86,BoxC NodeJS Full Stack Developer Remote,https://www.indeed.com/rc/clk?jk=e16579da26228c17&fccid=092927bc0814e0a6&vjs=3,New York State
87,Data Science Intern | Summer 2021,https://www.indeed.com/rc/clk?jk=046648367c28d80b&fccid=8288755c1d73f5f0&vjs=3,"New York, NY"
88,Staff Associate III,https://www.indeed.com/rc/clk?jk=d137f669478010fc&fccid=bd976cc171c690e0&vjs=3,"New York, NY 10027 (Manhattanville area)"
89,Specialist IT Support,https://www.indeed.com/rc/clk?jk=0dd90cdd23844ea9&fccid=38b8f999774b46b1&vjs=3,"Long Island City, NY 11101"
90,"Quantitative Developer, Python",https://www.indeed.com/rc/clk?jk=b905499367112b35&fccid=376cafc34c3b98c4&vjs=3,"New York, NY"
91,Algo Software Engineer (C++/Python),https://www.indeed.com/rc/clk?jk=c7c193ae35f5bad7&fccid=01b91641951e8886&vjs=3,"New York, NY 10005 (Financial District area)"
92,Data Scientist Intern,https://www.indeed.com/rc/clk?jk=b6e4fc84c7d476ea&fccid=1b50fcfb150b1b48&vjs=3,"New York, NY"
93,Software Engineer (All Levels),https://www.indeed.com/rc/clk?jk=2134c7942751417c&fccid=1b3df0faac85255e&vjs=3,"New York, NY"
94,Product Analyst,https://www.indeed.com/rc/clk?jk=827fc67d00cab603&fccid=55ca72cb2faa6d78&vjs=3,"New York, NY 10013 (Little Italy area)"
95,"Associate, Credit Algo Sales Trading",https://www.indeed.com/rc/clk?jk=9ddc90d3e1942f95&fccid=f42d8879da906430&vjs=3,"New York, NY"
96,"Systems Engineering Integration Solution, Low Code No Code -...",https://www.indeed.com/rc/clk?jk=45b63bae01523e97&fccid=9e215d88a6b33622&vjs=3,"New York, NY"
97,POSTDOCTORAL RESEARCHER,https://www.indeed.com/rc/clk?jk=ed6f4551f32c6ad3&fccid=8077183a161ef0fd&vjs=3,"Brooklyn, NY"
98,Global Equities - Positioning Intelligence - Analyst,https://www.indeed.com/rc/clk?jk=994c273077da982c&fccid=aaf3b433897ea465&vjs=3,"New York, NY"
99,"Analytics Manager, Digital Growth",https://www.indeed.com/rc/clk?jk=13947f4bc695319e&fccid=8bd6400c4b7776b5&vjs=3,"New York, NY"
100,Data Analyst,https://www.indeed.com/rc/clk?jk=8164f8ed6afd73de&fccid=9a92a4bf81326e1e&vjs=3,"New York, NY"
101,"Metrology Engineer II - Canton, NY",https://www.indeed.com/rc/clk?jk=7b61c3b5ded914df&fccid=31bebfb78bc1f0f1&vjs=3,"Canton, NY 13617"
102,Data Scientist,https://www.indeed.com/rc/clk?jk=b0fea7a51c0d01ce&fccid=b4048be2884af072&vjs=3,"New York, NY 10286 (Tribeca area)"
103,NLP Data Scientist Internship (REMOTE),https://www.indeed.com/rc/clk?jk=725fc70c4bf910ea&fccid=4f11fda3f02f70cd&vjs=3,New York State
104,GIS Analyst,https://www.indeed.com/rc/clk?jk=813baa2050e2a1f6&fccid=7690d1268f298c33&vjs=3,"New York, NY 11201 (Fort Greene area)"
105,Systems Engineer- Cortex,https://www.indeed.com/rc/clk?jk=043f1069a42f0d68&fccid=0562f887e2bed9ea&vjs=3,"New York, NY"
106,Data Analyst Intern,https://www.indeed.com/rc/clk?jk=abfd92126f0a8d8e&fccid=978d9fd9799d55a8&vjs=3,"New York, NY 10018 (Clinton area)"
107,"Research Intern, Optical Physics",https://www.indeed.com/rc/clk?jk=fbb823c236cf169e&fccid=31bebfb78bc1f0f1&vjs=3,"Painted Post, NY"
108,Global Equity Index Analyst,https://www.indeed.com/rc/clk?jk=36b4f50e13620c56&fccid=1c76c3a36f6c7557&vjs=3,"New York, NY"
109,Data Engineer Internship (REMOTE),https://www.indeed.com/rc/clk?jk=fb0e65c48e494471&fccid=4f11fda3f02f70cd&vjs=3,New York State
110,Full Stack Programmer,https://www.indeed.com/rc/clk?jk=52a7214177f1ce80&fccid=430cffbf1c607717&vjs=3,"New York, NY"
111,Mobile Test Engineer,https://www.indeed.com/rc/clk?jk=f4d7a82aa24a438d&fccid=f2cbb7715eae48aa&vjs=3,"New York, NY"
112,Software Engineer (Python) - Equinox Fitness Clubs,https://www.indeed.com/rc/clk?jk=eb3abd8710828f24&fccid=8e93e0f1981af822&vjs=3,"New York, NY"
113,Policy Analyst - Data,https://www.indeed.com/rc/clk?jk=d145ef6405aa667c&fccid=5e85d46ffb1578d0&vjs=3,"Manhattan, NY"
114,Quantitative Trader,https://www.indeed.com/rc/clk?jk=f54212709bf17a5c&fccid=db0af0ad6162783b&vjs=3,"New York, NY 10014 (West Village area)"
115,Algorithmic Market Making Quantitative Analyst,https://www.indeed.com/rc/clk?jk=5272ac204bd4ca81&fccid=5bcd1ef0a7f4fb99&vjs=3,"New York, NY"
116,Quantitative Researcher,https://www.indeed.com/rc/clk?jk=57900799a26dc77f&fccid=1e9fe404ac6f3172&vjs=3,"New York, NY"
117,C++ Developer (INTERN),https://www.indeed.com/rc/clk?jk=dc047d997412893d&fccid=4f36cf717ed1367b&vjs=3,"New York, NY 10017 (Midtown area)"
118,Materials Engineer,https://www.indeed.com/rc/clk?jk=c7b9a6c3b39c9726&fccid=b5ff6a9d6acf7028&vjs=3,"Niskayuna, NY 12309"
119,INTERNSHIP – System & Resource Planning - System Modeling,https://www.indeed.com/rc/clk?jk=38beba64f20061a2&fccid=2b25da52d0ef2922&vjs=3,"Rensselaer, NY 12144"
120,Data Analyst,https://www.indeed.com/rc/clk?jk=697a48cf0071d978&fccid=9affcdd0562bf28d&vjs=3,"New York, NY 10001 (Chelsea area)"
121,Python Engineer,https://www.indeed.com/rc/clk?jk=02aa57266f1a0d50&fccid=548e0909717a6ddf&vjs=3,"New York, NY"
122,Director of Data & Analytics,https://www.indeed.com/rc/clk?jk=dbc52e315efa4fcd&fccid=ed7f069b1531d709&vjs=3,New York State
123,Quantitative Trading Research Associate,https://www.indeed.com/rc/clk?jk=f022468aa6d002f2&fccid=ca2285c3548c3efe&vjs=3,"New York, NY"
124,"Cities Intern, New York",https://www.indeed.com/rc/clk?jk=e051edd8baa65ee5&fccid=4356d89a17a86533&vjs=3,"New York, NY"
125,NIH-Funded Postdoc,https://www.indeed.com/rc/clk?jk=c08a2deb14f3995f&fccid=f0d2c2975747eb88&vjs=3,"New York, NY"
126,Quantitative Researcher - Full-Time Campus Hire,https://www.indeed.com/rc/clk?jk=ca86a160077d3d9e&fccid=facc18fe475dac15&vjs=3,"New York, NY"
127,Senior Developer - Trade Processing,https://www.indeed.com/rc/clk?jk=1225be4ed16a57cf&fccid=afcb2790e9bd57c7&vjs=3,"New York, NY"
128,Commodities Quantitative Researcher,https://www.indeed.com/rc/clk?jk=cee4c8c7ce66d575&fccid=facc18fe475dac15&vjs=3,"New York, NY"
129,Analytical Linguist,https://www.indeed.com/rc/clk?jk=6a77929de57bc95a&fccid=0555014e7bce64c3&vjs=3,"New York, NY"
130,Part-Time Instructor - Natural Language Processing and Text...,https://www.indeed.com/rc/clk?jk=0d1513880eb8b317&fccid=68842b7a56bf8263&vjs=3,"Syracuse, NY"
131,GIS Analyst,https://www.indeed.com/rc/clk?jk=94fa4738203c353c&fccid=57d597cf1e46769a&vjs=3,"New York, NY"
132,QR Lead,https://www.indeed.com/rc/clk?jk=3cf699c48f1ace91&fccid=db0af0ad6162783b&vjs=3,"New York, NY 10014 (West Village area)"
133,Analyst,https://www.indeed.com/rc/clk?jk=68aca65bca2706a0&fccid=f2c8db2d75b00437&vjs=3,"New York, NY"
134,Full Stack Web Developer - Computer Vision,https://www.indeed.com/rc/clk?jk=a708469241ae0d2c&fccid=ffd98152d5e973b6&vjs=3,"Clifton Park, NY"
135,Research Staff Assistant,https://www.indeed.com/rc/clk?jk=27c41062a84f1644&fccid=bd976cc171c690e0&vjs=3,"Lamont, NY"
136,SRE,https://www.indeed.com/rc/clk?jk=cb469413659430f5&fccid=f770da67b3b51c62&vjs=3,"New York, NY"
137,"Assistant Research Technician, Institute for Systems Genetic...",https://www.indeed.com/rc/clk?jk=19297a97a8768fb6&fccid=848e72c84ce4a7a7&vjs=3,"New York, NY"
138,Global Trading Technology Development Intern | Summer 2021,https://www.indeed.com/rc/clk?jk=7e88d31d623d90c3&fccid=8288755c1d73f5f0&vjs=3,"New York, NY"
139,Junior Front End / Full Stack Software Engineer,https://www.indeed.com/rc/clk?jk=168a00aa137f6f7f&fccid=6a5673a520e27ea2&vjs=3,"New York, NY"
140,Computer/Digital Forensics Technician - Entry Level,https://www.indeed.com/rc/clk?jk=01ad6f702872f0a7&fccid=9768fccc43ee5899&vjs=3,"New York, NY"
141,"Associate Distribution Planner, Ready-to-Wear",https://www.indeed.com/rc/clk?jk=5778ca533485f15f&fccid=1807e5727f702882&vjs=3,"New York, NY"
142,2021 Internships,https://www.indeed.com/rc/clk?jk=5d6843f2339bb52d&fccid=00ae4e776f21bc2f&vjs=3,"New York, NY 10005 (Financial District area)"
143,"Research Intern, Computational Materials Science",https://www.indeed.com/rc/clk?jk=d6943edace129841&fccid=31bebfb78bc1f0f1&vjs=3,"Corning, NY 14831"
144,Quantitative Researcher: Risk Modeling,https://www.indeed.com/rc/clk?jk=2027eb1e5d98d6a7&fccid=facc18fe475dac15&vjs=3,"New York, NY"
